Regiao;Municipio;Bairro;Nome_Imobiliaria;Telefone;Website;Link_WhatsApp
"Litoral";"Pontal do Paraná";"Praia de Leste";"Imobiliária Praia de Leste";"(41) 3458-1200";"https://praiadelesteimoveis.com.br";"https://wa.me/554134581200?text=Ol%C3%A1%2C%20equipe%20da%20Imobili%C3%A1ria%20Praia%20de%20Leste!%20Tudo%20bem%3F%0A%0AAcompanhamos%20o%20trabalho%20de%20voc%C3%AAs%20no%20mercado%20imobili%C3%A1rio%20de%20Pontal%20do%20Paran%C3%A1%20e%20gostar%C3%ADamos%20de%20convidar%20sua%20imobili%C3%A1ria%20para%20divulgar%20sua%20carteira%20de%20im%C3%B3veis%20na%20plataforma%20*Esfinge%20Im%C3%B3veis*.%0A%0A%F0%9F%9B%A1%EF%B8%8F%20*Vantagens%20Exclusivas%20para%20Imobili%C3%A1rias%3A*%0A1.%20*Zero%20Taxa%20de%20Corretagem%3A*%20Somos%20exclusivamente%20uma%20vitrine%20tecnol%C3%B3gica%20de%20aproxima%C3%A7%C3%A3o.%0A2.%20*Leads%20Diretos%20no%20Seu%20WhatsApp%3A*%20O%20comprador%20clica%20e%20entra%20em%20contato%20direto%20com%20o%20seu%20corretor.%0A3.%20*Cadastro%20via%20Importador%3A*%20Cole%20o%20link%20do%20an%C3%BAncio%20no%20painel%20e%20cadastre%20em%20segundos.%0A%0AAcesse%20nossa%20vitrine%20oficial%3A%20https%3A%2F%2Fesfinge-imoveis.vercel.app%0A%0APodemos%20agendar%20uma%20demonstra%C3%A7%C3%A3o%20sem%20compromisso%3F"
"Litoral";"Pontal do Paraná";"Shangri-lá";"Imobiliária Shangri-lá";"(41) 3457-1800";"https://ilhadomelimoveis.com.br";"https://wa.me/554134571800?text=Ol%C3%A1%2C%20equipe%20da%20Imobili%C3%A1ria%20Shangri-l%C3%A1!%20Tudo%20bem%3F%0A%0AAcompanhamos%20o%20trabalho%20de%20voc%C3%AAs%20no%20mercado%20imobili%C3%A1rio%20de%20Pontal%20do%20Paran%C3%A1%20e%20gostar%C3%ADamos%20de%20convidar%20sua%20imobili%C3%A1ria%20para%20divulgar%20sua%20carteira%20de%20im%C3%B3veis%20na%20plataforma%20*Esfinge%20Im%C3%B3veis*.%0A%0A%F0%9F%9B%A1%EF%B8%8F%20*Vantagens%20Exclusivas%20para%20Imobili%C3%A1rias%3A*%0A1.%20*Zero%20Taxa%20de%20Corretagem%3A*%20Somos%20exclusivamente%20uma%20vitrine%20tecnol%C3%B3gica%20de%20aproxima%C3%A7%C3%A3o.%0A2.%20*Leads%20Diretos%20no%20Seu%20WhatsApp%3A*%20O%20comprador%20clica%20e%20entra%20em%20contato%20direto%20com%20o%20seu%20corretor.%0A3.%20*Cadastro%20via%20Importador%3A*%20Cole%20o%20link%20do%20an%C3%BAncio%20no%20painel%20e%20cadastre%20em%20segundos.%0A%0AAcesse%20nossa%20vitrine%20oficial%3A%20https%3A%2F%2Fesfinge-imoveis.vercel.app%0A%0APodemos%20agendar%20uma%20demonstra%C3%A7%C3%A3o%20sem%20compromisso%3F"
"Litoral";"Pontal do Paraná";"Ipanema";"Ipanema Imóveis";"(41) 3457-2500";"https://ipanemaimoveislitoral.com.br";"https://wa.me/554134572500?text=Ol%C3%A1%2C%20equipe%20da%20Ipanema%20Im%C3%B3veis!%20Tudo%20bem%3F%0A%0AAcompanhamos%20o%20trabalho%20de%20voc%C3%AAs%20no%20mercado%20imobili%C3%A1rio%20de%20Pontal%20do%20Paran%C3%A1%20e%20gostar%C3%ADamos%20de%20convidar%20sua%20imobili%C3%A1ria%20para%20divulgar%20sua%20carteira%20de%20im%C3%B3veis%20na%20plataforma%20*Esfinge%20Im%C3%B3veis*.%0A%0A%F0%9F%9B%A1%EF%B8%8F%20*Vantagens%20Exclusivas%20para%20Imobili%C3%A1rias%3A*%0A1.%20*Zero%20Taxa%20de%20Corretagem%3A*%20Somos%20exclusivamente%20uma%20vitrine%20tecnol%C3%B3gica%20de%20aproxima%C3%A7%C3%A3o.%0A2.%20*Leads%20Diretos%20no%20Seu%20WhatsApp%3A*%20O%20comprador%20clica%20e%20entra%20em%20contato%20direto%20com%20o%20seu%20corretor.%0A3.%20*Cadastro%20via%20Importador%3A*%20Cole%20o%20link%20do%20an%C3%BAncio%20no%20painel%20e%20cadastre%20em%20segundos.%0A%0AAcesse%20nossa%20vitrine%20oficial%3A%20https%3A%2F%2Fesfinge-imoveis.vercel.app%0A%0APodemos%20agendar%20uma%20demonstra%C3%A7%C3%A3o%20sem%20compromisso%3F"
"Litoral";"Pontal do Paraná";"Santa Teresinha";"Imobiliária Santa Teresinha";"(41) 3458-3000";"https://santahelenaimoveis.com.br";"https://wa.me/554134583000?text=Ol%C3%A1%2C%20equipe%20da%20Imobili%C3%A1ria%20Santa%20Teresinha!%20Tudo%20bem%3F%0A%0AAcompanhamos%20o%20trabalho%20de%20voc%C3%AAs%20no%20mercado%20imobili%C3%A1rio%20de%20Pontal%20do%20Paran%C3%A1%20e%20gostar%C3%ADamos%20de%20convidar%20sua%20imobili%C3%A1ria%20para%20divulgar%20sua%20carteira%20de%20im%C3%B3veis%20na%20plataforma%20*Esfinge%20Im%C3%B3veis*.%0A%0A%F0%9F%9B%A1%EF%B8%8F%20*Vantagens%20Exclusivas%20para%20Imobili%C3%A1rias%3A*%0A1.%20*Zero%20Taxa%20de%20Corretagem%3A*%20Somos%20exclusivamente%20uma%20vitrine%20tecnol%C3%B3gica%20de%20aproxima%C3%A7%C3%A3o.%0A2.%20*Leads%20Diretos%20no%20Seu%20WhatsApp%3A*%20O%20comprador%20clica%20e%20entra%20em%20contato%20direto%20com%20o%20seu%20corretor.%0A3.%20*Cadastro%20via%20Importador%3A*%20Cole%20o%20link%20do%20an%C3%BAncio%20no%20painel%20e%20cadastre%20em%20segundos.%0A%0AAcesse%20nossa%20vitrine%20oficial%3A%20https%3A%2F%2Fesfinge-imoveis.vercel.app%0A%0APodemos%20agendar%20uma%20demonstra%C3%A7%C3%A3o%20sem%20compromisso%3F"
"Litoral";"Pontal do Paraná";"Pontal do Sul";"Pontal do Sul Imóveis";"(41) 3455-1010";"https://pontalimoveis.com.br";"https://wa.me/554134551010?text=Ol%C3%A1%2C%20equipe%20da%20Pontal%20do%20Sul%20Im%C3%B3veis!%20Tudo%20bem%3F%0A%0AAcompanhamos%20o%20trabalho%20de%20voc%C3%AAs%20no%20mercado%20imobili%C3%A1rio%20de%20Pontal%20do%20Paran%C3%A1%20e%20gostar%C3%ADamos%20de%20convidar%20sua%20imobili%C3%A1ria%20para%20divulgar%20sua%20carteira%20de%20im%C3%B3veis%20na%20plataforma%20*Esfinge%20Im%C3%B3veis*.%0A%0A%F0%9F%9B%A1%EF%B8%8F%20*Vantagens%20Exclusivas%20para%20Imobili%C3%A1rias%3A*%0A1.%20*Zero%20Taxa%20de%20Corretagem%3A*%20Somos%20exclusivamente%20uma%20vitrine%20tecnol%C3%B3gica%20de%20aproxima%C3%A7%C3%A3o.%0A2.%20*Leads%20Diretos%20no%20Seu%20WhatsApp%3A*%20O%20comprador%20clica%20e%20entra%20em%20contato%20direto%20com%20o%20seu%20corretor.%0A3.%20*Cadastro%20via%20Importador%3A*%20Cole%20o%20link%20do%20an%C3%BAncio%20no%20painel%20e%20cadastre%20em%20segundos.%0A%0AAcesse%20nossa%20vitrine%20oficial%3A%20https%3A%2F%2Fesfinge-imoveis.vercel.app%0A%0APodemos%20agendar%20uma%20demonstra%C3%A7%C3%A3o%20sem%20compromisso%3F"
"Litoral";"Matinhos";"Caiobá";"Caiobá Imóveis";"(41) 3452-2020";"https://caiobaimoveis.com.br";"https://wa.me/554134522020?text=Ol%C3%A1%2C%20equipe%20da%20Caiob%C3%A1%20Im%C3%B3veis!%20Tudo%20bem%3F%0A%0AAcompanhamos%20o%20trabalho%20de%20voc%C3%AAs%20no%20mercado%20imobili%C3%A1rio%20de%20Matinhos%20e%20gostar%C3%ADamos%20de%20convidar%20sua%20imobili%C3%A1ria%20para%20divulgar%20sua%20carteira%20de%20im%C3%B3veis%20na%20plataforma%20*Esfinge%20Im%C3%B3veis*.%0A%0A%F0%9F%9B%A1%EF%B8%8F%20*Vantagens%20Exclusivas%20para%20Imobili%C3%A1rias%3A*%0A1.%20*Zero%20Taxa%20de%20Corretagem%3A*%20Somos%20exclusivamente%20uma%20vitrine%20tecnol%C3%B3gica%20de%20aproxima%C3%A7%C3%A3o.%0A2.%20*Leads%20Diretos%20no%20Seu%20WhatsApp%3A*%20O%20comprador%20clica%20e%20entra%20em%20contato%20direto%20com%20o%20seu%20corretor.%0A3.%20*Cadastro%20via%20Importador%3A*%20Cole%20o%20link%20do%20an%C3%BAncio%20no%20painel%20e%20cadastre%20em%20segundos.%0A%0AAcesse%20nossa%20vitrine%20oficial%3A%20https%3A%2F%2Fesfinge-imoveis.vercel.app%0A%0APodemos%20agendar%20uma%20demonstra%C3%A7%C3%A3o%20sem%20compromisso%3F"
"Litoral";"Matinhos";"Centro";"Imobiliária Matinhos";"(41) 3453-1500";"https://imobiliariamatinhos.com.br";"https://wa.me/554134531500?text=Ol%C3%A1%2C%20equipe%20da%20Imobili%C3%A1ria%20Matinhos!%20Tudo%20bem%3F%0A%0AAcompanhamos%20o%20trabalho%20de%20voc%C3%AAs%20no%20mercado%20imobili%C3%A1rio%20de%20Matinhos%20e%20gostar%C3%ADamos%20de%20convidar%20sua%20imobili%C3%A1ria%20para%20divulgar%20sua%20carteira%20de%20im%C3%B3veis%20na%20plataforma%20*Esfinge%20Im%C3%B3veis*.%0A%0A%F0%9F%9B%A1%EF%B8%8F%20*Vantagens%20Exclusivas%20para%20Imobili%C3%A1rias%3A*%0A1.%20*Zero%20Taxa%20de%20Corretagem%3A*%20Somos%20exclusivamente%20uma%20vitrine%20tecnol%C3%B3gica%20de%20aproxima%C3%A7%C3%A3o.%0A2.%20*Leads%20Diretos%20no%20Seu%20WhatsApp%3A*%20O%20comprador%20clica%20e%20entra%20em%20contato%20direto%20com%20o%20seu%20corretor.%0A3.%20*Cadastro%20via%20Importador%3A*%20Cole%20o%20link%20do%20an%C3%BAncio%20no%20painel%20e%20cadastre%20em%20segundos.%0A%0AAcesse%20nossa%20vitrine%20oficial%3A%20https%3A%2F%2Fesfinge-imoveis.vercel.app%0A%0APodemos%20agendar%20uma%20demonstra%C3%A7%C3%A3o%20sem%20compromisso%3F"
"Litoral";"Matinhos";"Caiobá";"Vianna Imóveis Litoral";"(41) 3453-2200";"https://viannaimoveislitoral.com.br";"https://wa.me/554134532200?text=Ol%C3%A1%2C%20equipe%20da%20Vianna%20Im%C3%B3veis%20Litoral!%20Tudo%20bem%3F%0A%0AAcompanhamos%20o%20trabalho%20de%20voc%C3%AAs%20no%20mercado%20imobili%C3%A1rio%20de%20Matinhos%20e%20gostar%C3%ADamos%20de%20convidar%20sua%20imobili%C3%A1ria%20para%20divulgar%20sua%20carteira%20de%20im%C3%B3veis%20na%20plataforma%20*Esfinge%20Im%C3%B3veis*.%0A%0A%F0%9F%9B%A1%EF%B8%8F%20*Vantagens%20Exclusivas%20para%20Imobili%C3%A1rias%3A*%0A1.%20*Zero%20Taxa%20de%20Corretagem%3A*%20Somos%20exclusivamente%20uma%20vitrine%20tecnol%C3%B3gica%20de%20aproxima%C3%A7%C3%A3o.%0A2.%20*Leads%20Diretos%20no%20Seu%20WhatsApp%3A*%20O%20comprador%20clica%20e%20entra%20em%20contato%20direto%20com%20o%20seu%20corretor.%0A3.%20*Cadastro%20via%20Importador%3A*%20Cole%20o%20link%20do%20an%C3%BAncio%20no%20painel%20e%20cadastre%20em%20segundos.%0A%0AAcesse%20nossa%20vitrine%20oficial%3A%20https%3A%2F%2Fesfinge-imoveis.vercel.app%0A%0APodemos%20agendar%20uma%20demonstra%C3%A7%C3%A3o%20sem%20compromisso%3F"
"Litoral";"Matinhos";"Sertãozinho";"Litoral Sul Imóveis";"(41) 3453-3300";"https://litoralsulimoveis.com.br";"https://wa.me/554134533300?text=Ol%C3%A1%2C%20equipe%20da%20Litoral%20Sul%20Im%C3%B3veis!%20Tudo%20bem%3F%0A%0AAcompanhamos%20o%20trabalho%20de%20voc%C3%AAs%20no%20mercado%20imobili%C3%A1rio%20de%20Matinhos%20e%20gostar%C3%ADamos%20de%20convidar%20sua%20imobili%C3%A1ria%20para%20divulgar%20sua%20carteira%20de%20im%C3%B3veis%20na%20plataforma%20*Esfinge%20Im%C3%B3veis*.%0A%0A%F0%9F%9B%A1%EF%B8%8F%20*Vantagens%20Exclusivas%20para%20Imobili%C3%A1rias%3A*%0A1.%20*Zero%20Taxa%20de%20Corretagem%3A*%20Somos%20exclusivamente%20uma%20vitrine%20tecnol%C3%B3gica%20de%20aproxima%C3%A7%C3%A3o.%0A2.%20*Leads%20Diretos%20no%20Seu%20WhatsApp%3A*%20O%20comprador%20clica%20e%20entra%20em%20contato%20direto%20com%20o%20seu%20corretor.%0A3.%20*Cadastro%20via%20Importador%3A*%20Cole%20o%20link%20do%20an%C3%BAncio%20no%20painel%20e%20cadastre%20em%20segundos.%0A%0AAcesse%20nossa%20vitrine%20oficial%3A%20https%3A%2F%2Fesfinge-imoveis.vercel.app%0A%0APodemos%20agendar%20uma%20demonstra%C3%A7%C3%A3o%20sem%20compromisso%3F"
"Litoral";"Guaratuba";"Centro";"Guaratuba Imóveis";"(41) 3442-1500";"https://guaratubaimoveis.com.br";"https://wa.me/554134421500?text=Ol%C3%A1%2C%20equipe%20da%20Guaratuba%20Im%C3%B3veis!%20Tudo%20bem%3F%0A%0AAcompanhamos%20o%20trabalho%20de%20voc%C3%AAs%20no%20mercado%20imobili%C3%A1rio%20de%20Guaratuba%20e%20gostar%C3%ADamos%20de%20convidar%20sua%20imobili%C3%A1ria%20para%20divulgar%20sua%20carteira%20de%20im%C3%B3veis%20na%20plataforma%20*Esfinge%20Im%C3%B3veis*.%0A%0A%F0%9F%9B%A1%EF%B8%8F%20*Vantagens%20Exclusivas%20para%20Imobili%C3%A1rias%3A*%0A1.%20*Zero%20Taxa%20de%20Corretagem%3A*%20Somos%20exclusivamente%20uma%20vitrine%20tecnol%C3%B3gica%20de%20aproxima%C3%A7%C3%A3o.%0A2.%20*Leads%20Diretos%20no%20Seu%20WhatsApp%3A*%20O%20comprador%20clica%20e%20entra%20em%20contato%20direto%20com%20o%20seu%20corretor.%0A3.%20*Cadastro%20via%20Importador%3A*%20Cole%20o%20link%20do%20an%C3%BAncio%20no%20painel%20e%20cadastre%20em%20segundos.%0A%0AAcesse%20nossa%20vitrine%20oficial%3A%20https%3A%2F%2Fesfinge-imoveis.vercel.app%0A%0APodemos%20agendar%20uma%20demonstra%C3%A7%C3%A3o%20sem%20compromisso%3F"
"Litoral";"Guaratuba";"Brejatuba";"Mafra Imóveis";"(41) 3443-2020";"https://mafraimoveis.com.br";"https://wa.me/554134432020?text=Ol%C3%A1%2C%20equipe%20da%20Mafra%20Im%C3%B3veis!%20Tudo%20bem%3F%0A%0AAcompanhamos%20o%20trabalho%20de%20voc%C3%AAs%20no%20mercado%20imobili%C3%A1rio%20de%20Guaratuba%20e%20gostar%C3%ADamos%20de%20convidar%20sua%20imobili%C3%A1ria%20para%20divulgar%20sua%20carteira%20de%20im%C3%B3veis%20na%20plataforma%20*Esfinge%20Im%C3%B3veis*.%0A%0A%F0%9F%9B%A1%EF%B8%8F%20*Vantagens%20Exclusivas%20para%20Imobili%C3%A1rias%3A*%0A1.%20*Zero%20Taxa%20de%20Corretagem%3A*%20Somos%20exclusivamente%20uma%20vitrine%20tecnol%C3%B3gica%20de%20aproxima%C3%A7%C3%A3o.%0A2.%20*Leads%20Diretos%20no%20Seu%20WhatsApp%3A*%20O%20comprador%20clica%20e%20entra%20em%20contato%20direto%20com%20o%20seu%20corretor.%0A3.%20*Cadastro%20via%20Importador%3A*%20Cole%20o%20link%20do%20an%C3%BAncio%20no%20painel%20e%20cadastre%20em%20segundos.%0A%0AAcesse%20nossa%20vitrine%20oficial%3A%20https%3A%2F%2Fesfinge-imoveis.vercel.app%0A%0APodemos%20agendar%20uma%20demonstra%C3%A7%C3%A3o%20sem%20compromisso%3F"
"Litoral";"Guaratuba";"Brejatuba";"Costa do Sol Imóveis";"(41) 3442-3300";"https://costadosolguaratuba.com.br";"https://wa.me/554134423300?text=Ol%C3%A1%2C%20equipe%20da%20Costa%20do%20Sol%20Im%C3%B3veis!%20Tudo%20bem%3F%0A%0AAcompanhamos%20o%20trabalho%20de%20voc%C3%AAs%20no%20mercado%20imobili%C3%A1rio%20de%20Guaratuba%20e%20gostar%C3%ADamos%20de%20convidar%20sua%20imobili%C3%A1ria%20para%20divulgar%20sua%20carteira%20de%20im%C3%B3veis%20na%20plataforma%20*Esfinge%20Im%C3%B3veis*.%0A%0A%F0%9F%9B%A1%EF%B8%8F%20*Vantagens%20Exclusivas%20para%20Imobili%C3%A1rias%3A*%0A1.%20*Zero%20Taxa%20de%20Corretagem%3A*%20Somos%20exclusivamente%20uma%20vitrine%20tecnol%C3%B3gica%20de%20aproxima%C3%A7%C3%A3o.%0A2.%20*Leads%20Diretos%20no%20Seu%20WhatsApp%3A*%20O%20comprador%20clica%20e%20entra%20em%20contato%20direto%20com%20o%20seu%20corretor.%0A3.%20*Cadastro%20via%20Importador%3A*%20Cole%20o%20link%20do%20an%C3%BAncio%20no%20painel%20e%20cadastre%20em%20segundos.%0A%0AAcesse%20nossa%20vitrine%20oficial%3A%20https%3A%2F%2Fesfinge-imoveis.vercel.app%0A%0APodemos%20agendar%20uma%20demonstra%C3%A7%C3%A3o%20sem%20compromisso%3F"
"Litoral";"Paranaguá";"Centro Histórico";"Paranaguá Imóveis";"(41) 3423-1000";"https://paranaguaimoveis.com.br";"https://wa.me/554134231000?text=Ol%C3%A1%2C%20equipe%20da%20Paranagu%C3%A1%20Im%C3%B3veis!%20Tudo%20bem%3F%0A%0AAcompanhamos%20o%20trabalho%20de%20voc%C3%AAs%20no%20mercado%20imobili%C3%A1rio%20de%20Paranagu%C3%A1%20e%20gostar%C3%ADamos%20de%20convidar%20sua%20imobili%C3%A1ria%20para%20divulgar%20sua%20carteira%20de%20im%C3%B3veis%20na%20plataforma%20*Esfinge%20Im%C3%B3veis*.%0A%0A%F0%9F%9B%A1%EF%B8%8F%20*Vantagens%20Exclusivas%20para%20Imobili%C3%A1rias%3A*%0A1.%20*Zero%20Taxa%20de%20Corretagem%3A*%20Somos%20exclusivamente%20uma%20vitrine%20tecnol%C3%B3gica%20de%20aproxima%C3%A7%C3%A3o.%0A2.%20*Leads%20Diretos%20no%20Seu%20WhatsApp%3A*%20O%20comprador%20clica%20e%20entra%20em%20contato%20direto%20com%20o%20seu%20corretor.%0A3.%20*Cadastro%20via%20Importador%3A*%20Cole%20o%20link%20do%20an%C3%BAncio%20no%20painel%20e%20cadastre%20em%20segundos.%0A%0AAcesse%20nossa%20vitrine%20oficial%3A%20https%3A%2F%2Fesfinge-imoveis.vercel.app%0A%0APodemos%20agendar%20uma%20demonstra%C3%A7%C3%A3o%20sem%20compromisso%3F"
"Litoral";"Paranaguá";"João Gualberto";"Aliança Imóveis Paranaguá";"(41) 3422-4040";"https://aliancaparanagua.com.br";"https://wa.me/554134224040?text=Ol%C3%A1%2C%20equipe%20da%20Alian%C3%A7a%20Im%C3%B3veis%20Paranagu%C3%A1!%20Tudo%20bem%3F%0A%0AAcompanhamos%20o%20trabalho%20de%20voc%C3%AAs%20no%20mercado%20imobili%C3%A1rio%20de%20Paranagu%C3%A1%20e%20gostar%C3%ADamos%20de%20convidar%20sua%20imobili%C3%A1ria%20para%20divulgar%20sua%20carteira%20de%20im%C3%B3veis%20na%20plataforma%20*Esfinge%20Im%C3%B3veis*.%0A%0A%F0%9F%9B%A1%EF%B8%8F%20*Vantagens%20Exclusivas%20para%20Imobili%C3%A1rias%3A*%0A1.%20*Zero%20Taxa%20de%20Corretagem%3A*%20Somos%20exclusivamente%20uma%20vitrine%20tecnol%C3%B3gica%20de%20aproxima%C3%A7%C3%A3o.%0A2.%20*Leads%20Diretos%20no%20Seu%20WhatsApp%3A*%20O%20comprador%20clica%20e%20entra%20em%20contato%20direto%20com%20o%20seu%20corretor.%0A3.%20*Cadastro%20via%20Importador%3A*%20Cole%20o%20link%20do%20an%C3%BAncio%20no%20painel%20e%20cadastre%20em%20segundos.%0A%0AAcesse%20nossa%20vitrine%20oficial%3A%20https%3A%2F%2Fesfinge-imoveis.vercel.app%0A%0APodemos%20agendar%20uma%20demonstra%C3%A7%C3%A3o%20sem%20compromisso%3F"
"Norte / Noroeste";"Maringá";"Zona 01";"Silvio Iwata Imóveis";"(44) 4009-2000";"https://silvioiwata.com.br";"https://wa.me/554440092000?text=Ol%C3%A1%2C%20equipe%20da%20Silvio%20Iwata%20Im%C3%B3veis!%20Tudo%20bem%3F%0A%0AAcompanhamos%20o%20trabalho%20de%20voc%C3%AAs%20no%20mercado%20imobili%C3%A1rio%20de%20Maring%C3%A1%20e%20gostar%C3%ADamos%20de%20convidar%20sua%20imobili%C3%A1ria%20para%20divulgar%20sua%20carteira%20de%20im%C3%B3veis%20na%20plataforma%20*Esfinge%20Im%C3%B3veis*.%0A%0A%F0%9F%9B%A1%EF%B8%8F%20*Vantagens%20Exclusivas%20para%20Imobili%C3%A1rias%3A*%0A1.%20*Zero%20Taxa%20de%20Corretagem%3A*%20Somos%20exclusivamente%20uma%20vitrine%20tecnol%C3%B3gica%20de%20aproxima%C3%A7%C3%A3o.%0A2.%20*Leads%20Diretos%20no%20Seu%20WhatsApp%3A*%20O%20comprador%20clica%20e%20entra%20em%20contato%20direto%20com%20o%20seu%20corretor.%0A3.%20*Cadastro%20via%20Importador%3A*%20Cole%20o%20link%20do%20an%C3%BAncio%20no%20painel%20e%20cadastre%20em%20segundos.%0A%0AAcesse%20nossa%20vitrine%20oficial%3A%20https%3A%2F%2Fesfinge-imoveis.vercel.app%0A%0APodemos%20agendar%20uma%20demonstra%C3%A7%C3%A3o%20sem%20compromisso%3F"
"Norte / Noroeste";"Maringá";"Zona 01";"Opção Imóveis";"(44) 3032-1300";"https://opcaoimoveis.com.br";"https://wa.me/554430321300?text=Ol%C3%A1%2C%20equipe%20da%20Op%C3%A7%C3%A3o%20Im%C3%B3veis!%20Tudo%20bem%3F%0A%0AAcompanhamos%20o%20trabalho%20de%20voc%C3%AAs%20no%20mercado%20imobili%C3%A1rio%20de%20Maring%C3%A1%20e%20gostar%C3%ADamos%20de%20convidar%20sua%20imobili%C3%A1ria%20para%20divulgar%20sua%20carteira%20de%20im%C3%B3veis%20na%20plataforma%20*Esfinge%20Im%C3%B3veis*.%0A%0A%F0%9F%9B%A1%EF%B8%8F%20*Vantagens%20Exclusivas%20para%20Imobili%C3%A1rias%3A*%0A1.%20*Zero%20Taxa%20de%20Corretagem%3A*%20Somos%20exclusivamente%20uma%20vitrine%20tecnol%C3%B3gica%20de%20aproxima%C3%A7%C3%A3o.%0A2.%20*Leads%20Diretos%20no%20Seu%20WhatsApp%3A*%20O%20comprador%20clica%20e%20entra%20em%20contato%20direto%20com%20o%20seu%20corretor.%0A3.%20*Cadastro%20via%20Importador%3A*%20Cole%20o%20link%20do%20an%C3%BAncio%20no%20painel%20e%20cadastre%20em%20segundos.%0A%0AAcesse%20nossa%20vitrine%20oficial%3A%20https%3A%2F%2Fesfinge-imoveis.vercel.app%0A%0APodemos%20agendar%20uma%20demonstra%C3%A7%C3%A3o%20sem%20compromisso%3F"
"Norte / Noroeste";"Maringá";"Zona 07";"Imobiliária Lélo";"(44) 3225-5000";"https://leloimoveis.com.br";"https://wa.me/554432255000?text=Ol%C3%A1%2C%20equipe%20da%20Imobili%C3%A1ria%20L%C3%A9lo!%20Tudo%20bem%3F%0A%0AAcompanhamos%20o%20trabalho%20de%20voc%C3%AAs%20no%20mercado%20imobili%C3%A1rio%20de%20Maring%C3%A1%20e%20gostar%C3%ADamos%20de%20convidar%20sua%20imobili%C3%A1ria%20para%20divulgar%20sua%20carteira%20de%20im%C3%B3veis%20na%20plataforma%20*Esfinge%20Im%C3%B3veis*.%0A%0A%F0%9F%9B%A1%EF%B8%8F%20*Vantagens%20Exclusivas%20para%20Imobili%C3%A1rias%3A*%0A1.%20*Zero%20Taxa%20de%20Corretagem%3A*%20Somos%20exclusivamente%20uma%20vitrine%20tecnol%C3%B3gica%20de%20aproxima%C3%A7%C3%A3o.%0A2.%20*Leads%20Diretos%20no%20Seu%20WhatsApp%3A*%20O%20comprador%20clica%20e%20entra%20em%20contato%20direto%20com%20o%20seu%20corretor.%0A3.%20*Cadastro%20via%20Importador%3A*%20Cole%20o%20link%20do%20an%C3%BAncio%20no%20painel%20e%20cadastre%20em%20segundos.%0A%0AAcesse%20nossa%20vitrine%20oficial%3A%20https%3A%2F%2Fesfinge-imoveis.vercel.app%0A%0APodemos%20agendar%20uma%20demonstra%C3%A7%C3%A3o%20sem%20compromisso%3F"